Location,Comment,Source
Education,Education building has empty classrooms literally all day,r/UCalgary
Kinesiology,"there is a lounge area at the end of the hallway, beside the doors facing the Olympic oval",r/UCalgary
Kinesiology,There is a stairway to a small second level workspace beside the bathrooms. It overlooks the pool and access the second level viewing deck. Lots of individual tables/cubicles,r/UCalgary
TITL,Big staircase and lots of workspaces with periferals.,r/UCalgary
Craigie Hall,lots of empty classrooms and cubicles. Most don't venture here.,r/UCalgary
Art,Arts Parkade Building has an open rooftop deck. Very secluded. There's also works spaces indoors.,r/UCalgary
Education,"work spaces/tables located throughout the first, second and third floors. Some are very quiet and secluded. Also the Food Area on the first floor",r/UCalgary
Scurfield Hall,third and fourth floor. Large open area with tables and chairs. Well lit and good environment.,r/UCalgary
Education,"Doucette Library in Education, very quiet library with nice secluded areas. Lots of computers for use.",r/UCalgary
MacEwan Hall,3rd floor Mac Hall and MSC (quieter than you think),r/UCalgary
EEEL,3rd floor and above to the side (nice view),r/UCalgary
Administration,Admin Atrium (it's so green and fun to study in),r/UCalgary
TFDL,"The fourth fifth and sixth floors of TFDL have seats by the window that are like alone seats; you got to be pretty early or really lucky to have them empty though, but other than that they’re really nice",r/UCalgary
TITL,This one has really cool tables that seem like they're floating.,r/UCalgary
Kinesiology,Kinesiology building Atrium (it's like an abstract geometric study area with a giant tree in the middle),r/UCalgary
Earth Sciences,I really like to study in the Gallager Library. It's super quiet in the basement. No easy water fountain though.,r/UCalgary
Engineering,Engineering Students Lounge. They have a pizza vending machine and also nice chairs with a great view,r/UCalgary
ICT,random lectures in ICT. Very big so you can sneak in and no one cares.,r/UCalgary
Education,they have lounges that are not locked that are usually open,r/UCalgary
Engineering,theres some good spots on the eng building to study (with charging spots),r/UCalgary
Earth Sciences,Basement of Gallagher library is definitely one of the quietest,r/UCalgary
Murray Fraser Hall,"Law library is pretty good, You can’t get a room unless you study law but the tables are open to anyone and the whole library is no talking so it’s pretty quiet",r/UCalgary
Engineering,"Basement of engineering near the windows gets downright toasty, it was my go-to study spot. The sun shines in through the windows which is inconvenient for writing an essay, but it makes super warm.",r/UCalgary
Earth Sciences,The basement floor of the Gallagher (earth sci) library is often quite warm and has a lot of space bc people don’t know about it.,r/UCalgary
Math Sciences,Math science hallway is pretty warm!,r/UCalgary
Science Theatres,science theatres basement (close to the train station) is pretty warm!,r/UCalgary
Fish Creek Library,Top tier study spot,r/UCalgary
Central Library,Top tier study spot,r/UCalgary
Memorial Park Library,Memorial has less space to sit but the greenery outside this library is my favourite.,r/UCalgary
Administration,Not quite outdoors but you can go to the indoor greenhouse in the administration building. Plenty of greenery and it's climate controlled so it's lovely even in the winter. The air is humid and gives the illusion of being outdoors.,r/UCalgary
Science Theatres,"My fav indoor on campus is in ST past room 140, behind the study spots is a staircase which leads to a landing of desks. It's honestly so quiet. The only rare noise is someone going down to the lower floor for lockers or something. It's surrounded by windows so you get nice ac and an outdoor view. Everyone maintains a respectful distance too",r/UCalgary
AGGUDO COFFEE,You will have to buy something there in order to stay for a few hours though. Wifi: Available. Outlets: Dependent on the place. Cafes have many outlets but boba spots likely don’t.,r/UCalgary
WAVES COFFEE HOUSE,You will have to buy something there in order to stay for a few hours though. Wifi: Available. Outlets: Dependent on the place. Cafes have many outlets but boba spots likely don’t.,r/UCalgary
PHIL & SEBASTIAN COFFEE COMPANY,You will have to buy something there in order to stay for a few hours though. Wifi: Available. Outlets: Dependent on the place. Cafes have many outlets but boba spots likely don’t.,r/UCalgary
Crowfoot Library,Crowfoot public library is scheduled for a pilot reopening on June 23. They have a fairly large study room but I'm not sure if that will be included in the initial re-open plan or what the hours might be.,r/UCalgary
Central Library,"I'd recommend the large, new Calgary Public Library downtown - tons of space and very cool building, but don't go on the weekend as it gets very busy.",r/Calgary
Central Library,"Central Library: lots of desks, especially on the 4th floor; and you can book a private room using your library card! (Edited to add that there are Second Cup locations at the Central Library)",r/Calgary
CAFFE BEANO - UXB,"Good place to study, no wifi though",r/Calgary
ELEMENT CAFE,Good place to study,r/Calgary
Central Library,Place is basically designed for studying,r/Calgary
WEEDS CAFE,Weeds Cafe in the NW can be good. Free wifi.,r/Calgary
ALENN SANDWICH AND COFFEE,"Open until 8pm, amazing food and drink, plugins and plenty of space",r/Calgary
WEEDS CAFE,"Lots of space, quiet, and some of it living room-comfy.",r/Calgary
WEEDS CAFE,"They have great space, lots of charging stations, and some pretty laid back employees. Couches , tables, coffee tea and a decent simple menu. Super laid back.",r/Calgary
BELLS CAFE,"Excellent place. GREAT coffee and lots of made-on-site food, especially the muffins. There's a back room with couches. Quiet mostly, although the loo is back there too. Big front window, lots of for-two tables, lovely owners, and lots of parking. Right next to The Trop if you later feel like a pint.",r/Calgary
GOOD EARTH COFFEEHOUSE,"Good Earth on 11th, just north of 17th Ave SW is great but very busy and can be noisy.",r/Calgary
PHIL & SEBASTIAN COFFEE COMPANY,"Phil and Seb's on 33Ave is really nice too, but again, can be busy.",r/Calgary
MONOGRAM COFFEE,Monogram on 16th Street SW at 46th Ave is small and lovely. Also has nice big front window so lots of light.,r/Calgary
EUPHORIA CAFE,Euphoria Cafe in Varsity is lovely too. Excellent coffee and snacks as well.,r/Calgary
SIERRA CAFE,I like Sierra cafe in Lakeview,r/Calgary
